{
  "Workflows": [
    {
      "Path": null,
      "SortBy": 0,
      "VariablesSectionElementsOrder": [],
      "ArgumentsSectionElementsOrder": null,
      "ConstantsSectionElementsOrder": [],
      "AddedNamespaces": null
    },
    {
      "Path": "Main.xaml",
      "SortBy": 0,
      "VariablesSectionElementsOrder": [
        "varDtWorkItems&StateMachine_1",
        "TransactionItem&StateMachine_1",
        "SystemException&StateMachine_1",
        "BusinessException&StateMachine_1",
        "TransactionNumber&StateMachine_1",
        "Config&StateMachine_1",
        "RetryNumber&StateMachine_1",
        "TransactionField2&StateMachine_1",
        "TransactionField1&StateMachine_1",
        "TransactionID&StateMachine_1",
        "dt_TransactionData&StateMachine_1",
        "ConsecutiveSystemExceptions&StateMachine_1",
        "ShouldStop&Sequence_25"
      ],
      "ArgumentsSectionElementsOrder": [
        "in_OrchestratorQueueName",
        "in_OrchestratorQueueFolder"
      ],
      "ConstantsSectionElementsOrder": [],
      "AddedNamespaces": null
    },
    {
      "Path": "test.xaml",
      "SortBy": 0,
      "VariablesSectionElementsOrder": [
        "arrStrOutPut&Sequence_1",
        "strOutPut&Sequence_1",
        "strText&Sequence_1"
      ],
      "ArgumentsSectionElementsOrder": [],
      "ConstantsSectionElementsOrder": [],
      "AddedNamespaces": null
    },
    {
      "Path": "Project_Workflows/Login.xaml",
      "SortBy": 0,
      "VariablesSectionElementsOrder": [
        "varBoolElementExist&Sequence_1",
        "varSecStrPassword&Sequence_1",
        "varStrUsername&Sequence_1"
      ],
      "ArgumentsSectionElementsOrder": [],
      "ConstantsSectionElementsOrder": [],
      "AddedNamespaces": null
    },
    {
      "Path": "Project_Workflows/Navigate_And_ExtractWI3Items.xaml",
      "SortBy": 0,
      "VariablesSectionElementsOrder": [
        "filteredDataTable&Sequence_1",
        "ExtractDataTable&Sequence_1",
        "IsLogedIn&Sequence_1"
      ],
      "ArgumentsSectionElementsOrder": [
        "OutDtFilteredDataTable"
      ],
      "ConstantsSectionElementsOrder": [],
      "AddedNamespaces": null
    },
    {
      "Path": "Framework/InitAllSettings.xaml",
      "SortBy": 0,
      "VariablesSectionElementsOrder": [
        "dt_SettingsAndConstants&Sequence_5",
        "dt_Assets&Sequence_6",
        "AssetValue&Sequence_11"
      ],
      "ArgumentsSectionElementsOrder": [
        "in_ConfigFile",
        "in_ConfigSheets",
        "out_Config"
      ],
      "ConstantsSectionElementsOrder": [],
      "AddedNamespaces": null
    },
    {
      "Path": "Framework/KillAllProcesses.xaml",
      "SortBy": 0,
      "VariablesSectionElementsOrder": [],
      "ArgumentsSectionElementsOrder": [],
      "ConstantsSectionElementsOrder": [],
      "AddedNamespaces": null
    },
    {
      "Path": "Framework/GetTransactionData.xaml",
      "SortBy": 0,
      "VariablesSectionElementsOrder": [],
      "ArgumentsSectionElementsOrder": [
        "in_TransactionNumber",
        "in_Config",
        "out_TransactionItem",
        "out_TransactionField1",
        "out_TransactionField2",
        "out_TransactionID",
        "io_dt_TransactionData"
      ],
      "ConstantsSectionElementsOrder": [],
      "AddedNamespaces": null
    },
    {
      "Path": "Framework/Process.xaml",
      "SortBy": 0,
      "VariablesSectionElementsOrder": [
        "varDwonloadedFile&Sequence_1"
      ],
      "ArgumentsSectionElementsOrder": [
        "in_Config_Process",
        "in_TransactionItem"
      ],
      "ConstantsSectionElementsOrder": [],
      "AddedNamespaces": null
    },
    {
      "Path": "Framework/SetTransactionStatus.xaml",
      "SortBy": 0,
      "VariablesSectionElementsOrder": [
        "QueueRetry&Sequence_17",
        "ScreenshotPath&Sequence_17"
      ],
      "ArgumentsSectionElementsOrder": [
        "in_BusinessException",
        "in_TransactionField1",
        "in_TransactionField2",
        "in_TransactionID",
        "in_SystemException",
        "in_Config",
        "in_TransactionItem",
        "io_RetryNumber",
        "io_TransactionNumber",
        "io_ConsecutiveSystemExceptions"
      ],
      "ConstantsSectionElementsOrder": [],
      "AddedNamespaces": null
    },
    {
      "Path": "Framework/InitAllApplications.xaml",
      "SortBy": 0,
      "VariablesSectionElementsOrder": [],
      "ArgumentsSectionElementsOrder": [
        "in_Config"
      ],
      "ConstantsSectionElementsOrder": [],
      "AddedNamespaces": null
    },
    {
      "Path": "Project_Workflows/Download_FIle.xaml",
      "SortBy": 0,
      "VariablesSectionElementsOrder": [],
      "ArgumentsSectionElementsOrder": [
        "inConfig_DownloadFile",
        "outDownloadedFile",
        "inTransactionItem"
      ],
      "ConstantsSectionElementsOrder": [],
      "AddedNamespaces": null
    },
    {
      "Path": "Project_Workflows/ExtractData_Main.xaml",
      "SortBy": 0,
      "VariablesSectionElementsOrder": [
        "varStrTaxID&Sequence_1",
        "varStrItemDescription&Sequence_1",
        "varStrTax&Sequence_1",
        "varStrTotal&Sequence_1",
        "varStrSubTotal&Sequence_1",
        "varStrCurrency&Sequence_1",
        "varStrDate&Sequence_1",
        "VarStrInvoiceID&Sequence_1",
        "varStrPdfText&Sequence_1"
      ],
      "ArgumentsSectionElementsOrder": [
        "inConfig_ExtractDataMain",
        "inStrFilePath_ExtractMain"
      ],
      "ConstantsSectionElementsOrder": [],
      "AddedNamespaces": null
    },
    {
      "Path": "Project_Workflows/ExtractDataBlueInvoice.xaml",
      "SortBy": 0,
      "VariablesSectionElementsOrder": [
        "varRegexResult&Sequence_1",
        "varRegexInputText&Sequence_1",
        "arrStrItemDescription&Sequence_1"
      ],
      "ArgumentsSectionElementsOrder": [
        "outStrTaxID",
        "outStrItemDescription",
        "outStrTax",
        "outStrTotal",
        "outStrSubTotal",
        "outStrCurrency",
        "outStrDate",
        "inStrPdfText_BlueInvoice",
        "outStrInvoiceID"
      ],
      "ConstantsSectionElementsOrder": [],
      "AddedNamespaces": null
    },
    {
      "Path": "Project_Workflows/ExtractDataPurpleInvoice.xaml",
      "SortBy": 0,
      "VariablesSectionElementsOrder": [
        "regexResults&Sequence_1",
        "varRegexResult&Sequence_1",
        "arrStrItemDiscription&Sequence_1"
      ],
      "ArgumentsSectionElementsOrder": [
        "outStrTaxID",
        "outStrSubTotal",
        "outStrTotal",
        "outStrTaxAmount",
        "outStrItemDiscription",
        "outStrCurrency",
        "outStrDate",
        "outStrInvoiceNumber",
        "inStrPDFText"
      ],
      "ConstantsSectionElementsOrder": [],
      "AddedNamespaces": null
    },
    {
      "Path": "Framework/argExcercise/MianTest.xaml",
      "SortBy": 0,
      "VariablesSectionElementsOrder": [
        "varStrValue&Sequence_1"
      ],
      "ArgumentsSectionElementsOrder": [],
      "ConstantsSectionElementsOrder": [],
      "AddedNamespaces": null
    },
    {
      "Path": "Framework/argExcercise/Workflow1.xaml",
      "SortBy": 0,
      "VariablesSectionElementsOrder": [],
      "ArgumentsSectionElementsOrder": [
        "inStrValue_Workflow1"
      ],
      "ConstantsSectionElementsOrder": [],
      "AddedNamespaces": null
    },
    {
      "Path": "Framework/argExcercise/Workflow3.xaml",
      "SortBy": 0,
      "VariablesSectionElementsOrder": [],
      "ArgumentsSectionElementsOrder": [
        "inStrValue_Workflow3"
      ],
      "ConstantsSectionElementsOrder": [],
      "AddedNamespaces": null
    },
    {
      "Path": "Framework/argExcercise/Workflow2.xaml",
      "SortBy": 0,
      "VariablesSectionElementsOrder": [],
      "ArgumentsSectionElementsOrder": [
        "inStrValue_Workflow2"
      ],
      "ConstantsSectionElementsOrder": [],
      "AddedNamespaces": null
    },
    {
      "Path": "Project_Workflows/InputData.xaml",
      "SortBy": 0,
      "VariablesSectionElementsOrder": [],
      "ArgumentsSectionElementsOrder": [
        "inStrSubTotal",
        "inTotalAmount",
        "inTaxAmount",
        "inItemDescription",
        "InCurrency",
        "inAddDate",
        "inVendorTaxID",
        "inAddInvoiceNumber",
        "inConfig"
      ],
      "ConstantsSectionElementsOrder": [],
      "AddedNamespaces": null
    },
    {
      "Path": "TestSuite.xaml",
      "SortBy": 0,
      "VariablesSectionElementsOrder": [
        "varExcelData&Sequence_1",
        "varExtractedNumber&Sequence_1",
        "varTaxTotals&Sequence_1"
      ],
      "ArgumentsSectionElementsOrder": [],
      "ConstantsSectionElementsOrder": [],
      "AddedNamespaces": null
    }
  ]
}